dim,max_L,num_delays,use_delays,maxiter,optimizer_name,loss_name,tol,max_evals,symmetric_delays,constant_learning_rate,num_tests,filename,num_test_initials,print_log,vary_percent,hyper_minimize,clip_grad,clip_val,min_val,max_val,test_time,percent_converge,num_initial_values,max_learning_rate,min_learning_rate,step_size,best_loss,learning_rate
10,1,1000,False,3000,Adam,Zakharov,1e-05,200,True,False,5,Zak_10d,5,False,0.1,loss,False,1.0,-10.0,10.0,300.518,0.20400000000000001,250,2.49416540558992,0.324318608330292,1600.0,155.9576639282925,
1000,1,1000,True,3000,Adam,Zakharov,1e-05,200,True,False,5,Delayed_Zak_1000d,5,False,0.1,loss,False,1.0,-10.0,10.0,475.809,0.996,250,3.86815531390641,0.402673861372832,1600.0,1007280428.0849183,
1000,1,1000,True,3000,Adam,Zakharov,1e-05,200,True,True,5,Const_Del_Zak_1000d,5,False,0.1,loss,False,1.0,-10.0,10.0,523.273,0.604,250,,,,12213370089.870193,0.087206817932806
100,1,1000,True,3000,Adam,Zakharov,1e-05,200,True,True,5,Const_Del_Zak_100d,5,False,0.1,loss,False,1.0,-10.0,10.0,337.209,0.928,250,,,,5209.718443702778,1.749431688352785
10000,1,1000,True,3000,Adam,Zakharov,1e-05,200,True,True,5,Const_Del_Zak_10000d,5,False,0.1,loss,False,1.0,-10.0,10.0,2503.589,0.276,250,,,,9.517388657402762e+17,1.567008281546393
2,1,1000,False,3000,Adam,Zakharov,1e-05,200,True,True,5,Const_Zak_2d,5,False,0.1,loss,False,1.0,-10.0,10.0,205.15,1.0,250,,,,2.028080252973198e-07,0.9967382729138081
10000,1,1000,True,3000,Adam,Rosenbrock,1e-05,200,True,False,5,Delayed_Rosen_10000d,5,False,0.1,loss,False,1.0,-10.0,10.0,2433.406,0.0,250,3.665891171822135,0.7414022231646651,100.0,24986.827497104478,
10000,1,1000,False,3000,Adam,Zakharov,1e-05,200,True,True,5,Const_Zak_10000d,5,False,0.1,loss,False,1.0,-10.0,10.0,2494.235,0.132,250,,,,1.245770393533852e+19,0.205685349717618
2,1,1000,True,3000,Adam,Rosenbrock,1e-05,200,True,True,5,Const_Del_Rosen_2d,5,False,0.1,loss,False,1.0,-10.0,10.0,170.111,0.964,250,,,,11641.182746383898,0.028058257057044
1000,1,1000,False,3000,Adam,Rosenbrock,1e-05,200,True,True,5,Const_Rosen_1000d,5,False,0.1,loss,False,1.0,-10.0,10.0,537.575,0.0,250,,,,2437.414190804841,0.6247318583665881
10000,1,1000,False,3000,Adam,Zakharov,1e-05,200,True,False,5,Zak_10000d,5,False,0.1,loss,False,1.0,-10.0,10.0,2176.252,0.528,250,1.5763319848470791,0.6456951814909231,1400.0,3.258908662185513e+18,
1000,1,1000,True,3000,Adam,Zakharov,1e-05,200,True,True,5,Const_Del_Zak_1000d,5,False,0.1,loss,False,1.0,-10.0,10.0,530.088,0.612,250,,,,8585660973.05731,0.40018466485104903
10,1,1000,False,3000,Adam,Zakharov,1e-05,200,True,True,5,Const_Zak_10d,5,False,0.1,loss,False,1.0,-10.0,10.0,357.542,0.028,250,,,,218.85413280466386,1.725630267074897
100,1,1000,True,3000,Adam,Rosenbrock,1e-05,200,True,False,5,Delayed_Rosen_100d,5,False,0.1,loss,False,1.0,-10.0,10.0,354.801,0.02,250,3.186625445872364,0.8450671695402071,1900.0,206.0669570634954,
10,1,1000,False,3000,Adam,Zakharov,1e-05,200,True,False,5,Zak_10d,5,False,0.1,loss,False,1.0,-10.0,10.0,302.732,0.232,250,3.451057840297344,0.870162271210356,2000.0,138.53746297352106,
10,1,1000,False,3000,Adam,Rosenbrock,1e-05,200,True,False,5,Rosen_10d,5,False,0.1,loss,False,1.0,-10.0,10.0,257.318,0.10400000000000001,250,2.531962914223159,0.7560829435910881,800.0,6.193874878740278,
2,1,1000,True,3000,Adam,Zakharov,1e-05,200,True,False,5,Delayed_Zak_2d,5,False,0.1,loss,False,1.0,-10.0,10.0,83.539,1.0,250,2.524290662400766,0.778552193295299,1400.0,0.12563643166475802,
10,1,1000,False,3000,Adam,Rosenbrock,1e-05,200,True,True,5,Const_Rosen_10d,5,False,0.1,loss,False,1.0,-10.0,10.0,328.59,0.07200000000000001,250,,,,6.9028202800861695,0.33349478404627403
2,1,1000,False,3000,Adam,Rosenbrock,1e-05,200,True,True,5,Const_Rosen_2d,5,False,0.1,loss,False,1.0,-10.0,10.0,311.902,0.392,250,,,,1.28117681454938,0.8582092436477471
10000,1,1000,False,3000,Adam,Zakharov,1e-05,200,True,False,5,Zak_10000d,5,False,0.1,loss,False,1.0,-10.0,10.0,2181.827,0.68,250,1.905263662161122,0.7653668163062981,600.0,2.412459127161363e+18,
100,1,1000,False,3000,Adam,Zakharov,1e-05,200,True,True,5,Const_Zak_100d,5,False,0.1,loss,False,1.0,-10.0,10.0,306.75,0.872,250,,,,111627.50168650805,0.8810571445674561
10000,1,1000,False,3000,Adam,Rosenbrock,1e-05,200,True,False,5,Rosen_10000d,5,False,0.1,loss,False,1.0,-10.0,10.0,2214.955,0.0,250,2.922737395967526,0.605166520223103,600.0,26984.67854914331,
10000,1,1000,True,3000,Adam,Rosenbrock,1e-05,200,True,False,5,Delayed_Rosen_10000d,5,False,0.1,loss,False,1.0,-10.0,10.0,2443.243,0.0,250,2.760092590764691,0.913201859608553,1200.0,24588.97300489609,
1000,1,1000,False,3000,Adam,Zakharov,1e-05,200,True,True,5,Const_Zak_1000d,5,False,0.1,loss,False,1.0,-10.0,10.0,500.189,0.328,250,,,,918904528019.4097,0.8478793036753831
1000,1,1000,False,3000,Adam,Zakharov,1e-05,200,True,False,5,Zak_1000d,5,False,0.1,loss,False,1.0,-10.0,10.0,387.053,0.912,250,3.699002803031613,0.25308535225475404,1800.0,152851070345.63544,
10,1,1000,True,3000,Adam,Zakharov,1e-05,200,True,True,5,Const_Del_Zak_10d,5,False,0.1,loss,False,1.0,-10.0,10.0,385.148,0.028,250,,,,205.9446369434603,0.8318995753221661
100,1,1000,False,3000,Adam,Rosenbrock,1e-05,200,True,False,5,Rosen_100d,5,False,0.1,loss,False,1.0,-10.0,10.0,277.86,0.004,250,1.802929294151749,0.7808771396469231,300.0,213.81459166159422,
10,1,1000,True,3000,Adam,Rosenbrock,1e-05,200,True,True,5,Const_Del_Rosen_10d,5,False,0.1,loss,False,1.0,-10.0,10.0,334.671,0.292,250,,,,9.075724645473983,1.774654168498135
10000,1,1000,True,3000,Adam,Rosenbrock,1e-05,200,True,True,5,Const_Del_Rosen_10000d,5,False,0.1,loss,False,1.0,-10.0,10.0,2530.155,0.0,250,,,,25867.576324258924,1.2755101578844181
100,1,1000,True,3000,Adam,Zakharov,1e-05,200,True,False,5,Delayed_Zak_100d,5,False,0.1,loss,False,1.0,-10.0,10.0,267.481,0.984,250,2.162055298740481,0.24652704441727302,300.0,4287.607391118902,
100,1,1000,False,3000,Adam,Zakharov,1e-05,200,True,False,5,Zak_100d,5,False,0.1,loss,False,1.0,-10.0,10.0,185.126,0.988,250,2.256365802658245,0.37266179450562403,900.0,57059.80996104999,
2,1,1000,False,3000,Adam,Zakharov,1e-05,200,True,False,5,Zak_2d,5,False,0.1,loss,False,1.0,-10.0,10.0,76.209,1.0,250,3.590144132591714,0.9138712458273861,2400.0,1.819609863959401e-07,
10,1,1000,True,3000,Adam,Zakharov,1e-05,200,True,False,5,Delayed_Zak_10d,5,False,0.1,loss,False,1.0,-10.0,10.0,373.696,0.212,250,2.858407358537467,0.39288234468868205,1000.0,160.2621218607451,
10000,1,1000,True,3000,Adam,Zakharov,1e-05,200,True,False,5,Delayed_Zak_10000d,5,False,0.1,loss,False,1.0,-10.0,10.0,2494.89,0.728,250,3.018697716697316,0.30602231468600805,1700.0,5.081417279562319e+16,
1000,1,1000,False,3000,Adam,Rosenbrock,1e-05,200,True,False,5,Rosen_1000d,5,False,0.1,loss,False,1.0,-10.0,10.0,419.667,0.0,250,3.997739800500856,0.665755935077033,500.0,2500.8627201772842,
2,1,1000,False,3000,Adam,Rosenbrock,1e-05,200,True,False,5,Rosen_2d,5,False,0.1,loss,False,1.0,-10.0,10.0,244.296,0.508,250,3.306693853398262,0.447218968129089,1000.0,0.3659728393864,
2,1,1000,True,3000,Adam,Rosenbrock,1e-05,200,True,False,5,Delayed_Rosen_2d,5,False,0.1,loss,False,1.0,-10.0,10.0,175.442,0.968,250,3.698445606767326,0.7592594223755601,1000.0,2.446857087060465,
100,1,1000,False,3000,Adam,Rosenbrock,1e-05,200,True,False,5,Rosen_100d,5,False,0.1,loss,False,1.0,-10.0,10.0,275.171,0.016,250,3.8445241661757192,0.47783701057293604,1500.0,214.70623074533333,
1000,1,1000,True,3000,Adam,Rosenbrock,1e-05,200,True,False,5,Delayed_Rosen_1000d,5,False,0.1,loss,False,1.0,-10.0,10.0,500.02,0.004,250,1.5057259116419561,0.6505300555019641,200.0,2370.5883702005867,
100,1,1000,False,3000,Adam,Rosenbrock,1e-05,200,True,True,5,Const_Rosen_100d,5,False,0.1,loss,False,1.0,-10.0,10.0,378.331,0.0,250,,,,219.18543087931502,0.6442869102915031
10,1,1000,True,3000,Adam,Rosenbrock,1e-05,200,True,False,5,Delayed_Rosen_10d,5,False,0.1,loss,False,1.0,-10.0,10.0,303.965,0.292,250,1.540051483529713,0.214354430451088,600.0,8.256434644556302,
2,1,1000,True,3000,Adam,Zakharov,1e-05,200,True,True,5,Const_Del_Zak_2d,5,False,0.1,loss,False,1.0,-10.0,10.0,68.711,1.0,250,,,,184.88710467979905,1.37041626592091
100,1,1000,True,3000,Adam,Rosenbrock,1e-05,200,True,True,5,Const_Del_Rosen_100d,5,False,0.1,loss,False,1.0,-10.0,10.0,369.762,0.028,250,,,,218.96746478553803,1.8640575908055421
10000,1,1000,False,3000,Adam,Rosenbrock,1e-05,200,True,True,5,Const_Rosen_10000d,5,False,0.1,loss,False,1.0,-10.0,10.0,2588.976,0.0,250,,,,25321.1394432014,0.6006813015681111
100,1,1000,False,3000,Adam,Zakharov,1e-05,200,True,False,5,Zak_100d,5,False,0.1,loss,False,1.0,-10.0,10.0,185.384,0.984,250,3.080306977107169,0.362794390398393,2000.0,38173.33627394782,
100,1,1000,True,3000,Adam,Zakharov,1e-05,200,True,False,5,Delayed_Zak_100d,5,False,0.1,loss,False,1.0,-10.0,10.0,271.328,0.976,250,2.879388180864773,0.7391316970533941,1800.0,4878.14987378319,
1000,1,1000,True,3000,Adam,Rosenbrock,1e-05,200,True,True,5,Const_Del_Rosen_1000d,5,False,0.1,loss,False,1.0,-10.0,10.0,523.003,0.0,250,,,,2575.033384745529,0.93838772897134
10,1,1000,True,3000,Adam,Rosenbrock,1e-05,200,True,False,5,Delayed_Rosen_10d,5,False,0.1,loss,False,1.0,-10.0,10.0,305.592,0.272,250,2.95700503215139,0.5046929480579261,500.0,7.615717214641711,
1000,1,1000,False,3000,Adam,Zakharov,1e-05,200,True,True,5,Const_Zak_1000d,5,False,0.1,loss,False,1.0,-10.0,10.0,514.464,0.41600000000000004,250,,,,763921721210.2388,1.652336414256062
2,1,1000,True,3000,Adam,Zakharov,1e-05,200,True,True,5,Const_Del_Zak_2d,5,False,0.1,loss,False,1.0,-10.0,10.0,70.446,1.0,250,,,,205.72687169825915,0.45239070095195705
1000,1,1000,False,3000,Adam,Zakharov,1e-05,200,True,False,5,Zak_1000d,5,False,0.1,loss,False,1.0,-10.0,10.0,380.594,0.96,250,3.1351652703532302,0.037928931240225006,400.0,196507196258.18967,
10,1,1000,True,3000,Adam,Zakharov,1e-05,200,True,True,5,Const_Del_Zak_10d,5,False,0.1,loss,False,1.0,-10.0,10.0,376.964,0.052000000000000005,250,,,,230.6834538997323,1.42114980236948
10,1,1000,True,3000,Adam,Rosenbrock,1e-05,200,True,True,5,Const_Del_Rosen_10d,5,False,0.1,loss,False,1.0,-10.0,10.0,331.302,0.308,250,,,,9.009155030001832,1.089519784821232
10000,1,1000,True,3000,Adam,Rosenbrock,1e-05,200,True,True,5,Const_Del_Rosen_10000d,5,False,0.1,loss,False,1.0,-10.0,10.0,2533.775,0.0,250,,,,26684.927340750353,0.9348130711451771
100,1,1000,False,3000,Adam,Rosenbrock,1e-05,200,True,False,5,Rosen_100d,5,False,0.1,loss,False,1.0,-10.0,10.0,277.094,0.028,250,2.242506045691692,0.510361105502065,1100.0,211.31714073733676,
1000,1,1000,True,3000,Adam,Rosenbrock,1e-05,200,True,False,5,Delayed_Rosen_1000d,5,False,0.1,loss,False,1.0,-10.0,10.0,494.478,0.0,250,3.762546635002777,0.308774411365748,1800.0,2368.2016095914423,
10,1,1000,True,3000,Adam,Zakharov,1e-05,200,True,False,5,Delayed_Zak_10d,5,False,0.1,loss,False,1.0,-10.0,10.0,376.783,0.14400000000000002,250,3.519906333394101,0.789142105691185,2000.0,166.11150485917722,
2,1,1000,False,3000,Adam,Zakharov,1e-05,200,True,False,5,Zak_2d,5,False,0.1,loss,False,1.0,-10.0,10.0,77.887,1.0,250,2.306077936962835,0.6493094337138741,1200.0,2.170003525586805e-07,
10000,1,1000,False,3000,Adam,Rosenbrock,1e-05,200,True,True,5,Const_Rosen_10000d,5,False,0.1,loss,False,1.0,-10.0,10.0,2572.289,0.0,250,,,,25934.015843891328,1.04381101988529
10000,1,1000,True,3000,Adam,Zakharov,1e-05,200,True,False,5,Delayed_Zak_10000d,5,False,0.1,loss,False,1.0,-10.0,10.0,2450.824,0.732,250,3.376674294298907,0.034379653457043004,1900.0,4.68783346406161e+16,
2,1,1000,True,3000,Adam,Rosenbrock,1e-05,200,True,False,5,Delayed_Rosen_2d,5,False,0.1,loss,False,1.0,-10.0,10.0,176.474,0.9400000000000001,250,1.771966623570731,0.9340720486421851,900.0,2.601604837004625,
2,1,1000,False,3000,Adam,Rosenbrock,1e-05,200,True,False,5,Rosen_2d,5,False,0.1,loss,False,1.0,-10.0,10.0,242.829,0.516,250,3.947900658696216,0.307723862451004,1800.0,0.38544799978980204,
1000,1,1000,False,3000,Adam,Rosenbrock,1e-05,200,True,False,5,Rosen_1000d,5,False,0.1,loss,False,1.0,-10.0,10.0,420.014,0.0,250,2.334635164799103,0.19518621904507902,100.0,2506.6136375185138,
10000,1,1000,True,3000,Adam,Rosenbrock,1e-05,200,True,True,5,Const_Del_Rosen_10000d,5,False,0.1,loss,False,1.0,-10.0,10.0,2530.143,0.0,250,,,,26776.440946946306,0.7405908946955191
1000,1,1000,True,3000,Adam,Rosenbrock,1e-05,200,True,False,5,Delayed_Rosen_1000d,5,False,0.1,loss,False,1.0,-10.0,10.0,503.08,0.0,250,2.047072603808311,0.033270165932848005,1600.0,2343.600229006595,
1000,1,1000,False,3000,Adam,Zakharov,1e-05,200,True,True,5,Const_Zak_1000d,5,False,0.1,loss,False,1.0,-10.0,10.0,478.361,0.4,250,,,,1103352934890.4172,0.8405270290204301
10,1,1000,True,3000,Adam,Rosenbrock,1e-05,200,True,False,5,Delayed_Rosen_10d,5,False,0.1,loss,False,1.0,-10.0,10.0,306.559,0.328,250,1.9118448473560021,0.41934294057215904,1400.0,7.588585588495807,
100,1,1000,False,3000,Adam,Rosenbrock,1e-05,200,True,True,5,Const_Rosen_100d,5,False,0.1,loss,False,1.0,-10.0,10.0,339.438,0.0,250,,,,200.35879524985862,1.30081286979733
1000,1,1000,False,3000,Adam,Zakharov,1e-05,200,True,False,5,Zak_1000d,5,False,0.1,loss,False,1.0,-10.0,10.0,387.985,0.9520000000000001,250,3.703906494352938,0.607773467276576,1600.0,154108827015.11948,
2,1,1000,True,3000,Adam,Zakharov,1e-05,200,True,True,5,Const_Del_Zak_2d,5,False,0.1,loss,False,1.0,-10.0,10.0,68.697,1.0,250,,,,183.25598352964454,0.572261626630804
2,1,1000,False,3000,Adam,Zakharov,1e-05,200,True,False,5,Zak_2d,5,False,0.1,loss,False,1.0,-10.0,10.0,79.612,1.0,250,3.661507905123395,0.434022820092818,800.0,2.363960237705258e-07,
100,1,1000,True,3000,Adam,Rosenbrock,1e-05,200,True,True,5,Const_Del_Rosen_100d,5,False,0.1,loss,False,1.0,-10.0,10.0,364.026,0.012,250,,,,218.81166026478257,0.9984500109955431
10000,1,1000,False,3000,Adam,Rosenbrock,1e-05,200,True,True,5,Const_Rosen_10000d,5,False,0.1,loss,False,1.0,-10.0,10.0,2510.755,0.0,250,,,,25734.60160483696,1.50409353947933
100,1,1000,True,3000,Adam,Zakharov,1e-05,200,True,False,5,Delayed_Zak_100d,5,False,0.1,loss,False,1.0,-10.0,10.0,267.094,0.96,250,3.5092744081612812,0.292080579107768,1600.0,4809.608752963251,
100,1,1000,False,3000,Adam,Zakharov,1e-05,200,True,False,5,Zak_100d,5,False,0.1,loss,False,1.0,-10.0,10.0,185.859,0.992,250,3.424836052401974,0.28361239339405203,700.0,62924.802153242155,
1000,1,1000,True,3000,Adam,Rosenbrock,1e-05,200,True,True,5,Const_Del_Rosen_1000d,5,False,0.1,loss,False,1.0,-10.0,10.0,520.793,0.0,250,,,,2629.0994345334016,0.570511549278245
1000,1,1000,True,3000,Adam,Zakharov,1e-05,200,True,False,5,Delayed_Zak_1000d,5,False,0.1,loss,False,1.0,-10.0,10.0,471.038,0.988,250,2.400846353561963,0.26880509544825804,1000.0,1584596342.0819137,
2,1,1000,False,3000,Adam,Rosenbrock,1e-05,200,True,True,5,Const_Rosen_2d,5,False,0.1,loss,False,1.0,-10.0,10.0,304.573,0.396,250,,,,1.190937617674803,0.738039496776141
2,1,1000,False,3000,Adam,Zakharov,1e-05,200,True,True,5,Const_Zak_2d,5,False,0.1,loss,False,1.0,-10.0,10.0,238.571,1.0,250,,,,2.701868488705454e-07,0.5463319931158921
100,1,1000,True,3000,Adam,Zakharov,1e-05,200,True,True,5,Const_Del_Zak_100d,5,False,0.1,loss,False,1.0,-10.0,10.0,338.338,0.932,250,,,,4866.8993065191335,1.148097461200291
10000,1,1000,True,3000,Adam,Zakharov,1e-05,200,True,True,5,Const_Del_Zak_10000d,5,False,0.1,loss,False,1.0,-10.0,10.0,2540.013,0.16,250,,,,9.84303349630884e+17,0.8099535046650721
10,1,1000,False,3000,Adam,Zakharov,1e-05,200,True,True,5,Const_Zak_10d,5,False,0.1,loss,False,1.0,-10.0,10.0,366.877,0.016,250,,,,226.49636736830294,1.063588716620143
10000,1,1000,False,3000,Adam,Zakharov,1e-05,200,True,True,5,Const_Zak_10000d,5,False,0.1,loss,False,1.0,-10.0,10.0,2490.181,0.14,250,,,,1.641550059881419e+19,0.727826055371356
2,1,1000,True,3000,Adam,Rosenbrock,1e-05,200,True,True,5,Const_Del_Rosen_2d,5,False,0.1,loss,False,1.0,-10.0,10.0,167.512,0.9560000000000001,250,,,,15813.535682997044,1.9303663949079
1000,1,1000,False,3000,Adam,Rosenbrock,1e-05,200,True,True,5,Const_Rosen_1000d,5,False,0.1,loss,False,1.0,-10.0,10.0,509.536,0.0,250,,,,2397.6643831428833,0.49574878417716406
1000,1,1000,True,3000,Adam,Zakharov,1e-05,200,True,True,5,Const_Del_Zak_1000d,5,False,0.1,loss,False,1.0,-10.0,10.0,550.486,0.52,250,,,,11774650685.964432,0.7417970047426671
2,1,1000,False,3000,Adam,Zakharov,1e-05,200,True,True,5,Const_Zak_2d,5,False,0.1,loss,False,1.0,-10.0,10.0,211.216,1.0,250,,,,2.026880767913962e-07,1.607096123273681
10,1,1000,False,3000,Adam,Zakharov,1e-05,200,True,True,5,Const_Zak_10d,5,False,0.1,loss,False,1.0,-10.0,10.0,354.414,0.016,250,,,,219.58385722693419,0.6664112749747121
100,1,1000,True,3000,Adam,Rosenbrock,1e-05,200,True,False,5,Delayed_Rosen_100d,5,False,0.1,loss,False,1.0,-10.0,10.0,355.257,0.07200000000000001,250,2.002974260137277,0.31673198067186703,1600.0,202.8666394245189,
100,1,1000,True,3000,Adam,Zakharov,1e-05,200,True,True,5,Const_Del_Zak_100d,5,False,0.1,loss,False,1.0,-10.0,10.0,365.408,0.9400000000000001,250,,,,5668.136022235261,0.6342521368977531
10,1,1000,False,3000,Adam,Rosenbrock,1e-05,200,True,False,5,Rosen_10d,5,False,0.1,loss,False,1.0,-10.0,10.0,256.246,0.108,250,3.5434535567144643,0.335477890365291,700.0,5.0806652494359,
2,1,1000,True,3000,Adam,Zakharov,1e-05,200,True,False,5,Delayed_Zak_2d,5,False,0.1,loss,False,1.0,-10.0,10.0,82.632,1.0,250,3.988601915196226,0.462962529726113,2300.0,0.12418429399857402,
10,1,1000,False,3000,Adam,Zakharov,1e-05,200,True,False,5,Zak_10d,5,False,0.1,loss,False,1.0,-10.0,10.0,299.256,0.184,250,2.758621107013049,0.333403373569987,400.0,151.98624736139612,
2,1,1000,False,3000,Adam,Rosenbrock,1e-05,200,True,True,5,Const_Rosen_2d,5,False,0.1,loss,False,1.0,-10.0,10.0,316.125,0.444,250,,,,0.8336509451789641,1.334038728035464
10,1,1000,False,3000,Adam,Rosenbrock,1e-05,200,True,True,5,Const_Rosen_10d,5,False,0.1,loss,False,1.0,-10.0,10.0,322.671,0.07200000000000001,250,,,,7.043466734665882,0.5993665068425651
10000,1,1000,False,3000,Adam,Rosenbrock,1e-05,200,True,False,5,Rosen_10000d,5,False,0.1,loss,False,1.0,-10.0,10.0,2218.991,0.02,250,3.026639541808994,0.2360054790056,1300.0,26346.327772842345,
100,1,1000,False,3000,Adam,Zakharov,1e-05,200,True,True,5,Const_Zak_100d,5,False,0.1,loss,False,1.0,-10.0,10.0,304.958,0.868,250,,,,90582.31530459945,1.605534375623594
10000,1,1000,False,3000,Adam,Zakharov,1e-05,200,True,False,5,Zak_10000d,5,False,0.1,loss,False,1.0,-10.0,10.0,2167.507,0.492,250,1.679229034454319,0.852504276748116,2200.0,5.033985877954313e+18,
10000,1,1000,True,3000,Adam,Rosenbrock,1e-05,200,True,False,5,Delayed_Rosen_10000d,5,False,0.1,loss,False,1.0,-10.0,10.0,2443.072,0.0,250,3.543100490696667,0.40853745033995204,200.0,24169.26118029578,
1000,1,1000,False,3000,Adam,Rosenbrock,1e-05,200,True,True,5,Const_Rosen_1000d,5,False,0.1,loss,False,1.0,-10.0,10.0,512.105,0.0,250,,,,2475.9178484778377,0.704849745366787
1000,1,1000,False,3000,Adam,Zakharov,1e-05,200,True,False,5,Zak_1000d,5,False,0.1,loss,False,1.0,-10.0,10.0,382.563,0.932,250,2.119887417305071,0.8782995104119171,700.0,130925790463.75122,
1000,1,1000,False,3000,Adam,Zakharov,1e-05,200,True,True,5,Const_Zak_1000d,5,False,0.1,loss,False,1.0,-10.0,10.0,490.084,0.47600000000000003,250,,,,824221757079.189,1.024203076766466
100,1,1000,False,3000,Adam,Rosenbrock,1e-05,200,True,False,5,Rosen_100d,5,False,0.1,loss,False,1.0,-10.0,10.0,277.414,0.024,250,3.105034231629578,0.5477074507217451,2100.0,214.9290164739955,
10,1,1000,True,3000,Adam,Rosenbrock,1e-05,200,True,True,5,Const_Del_Rosen_10d,5,False,0.1,loss,False,1.0,-10.0,10.0,329.177,0.30000000000000004,250,,,,9.256110011551696,1.9688306035278411
10000,1,1000,True,3000,Adam,Rosenbrock,1e-05,200,True,True,5,Const_Del_Rosen_10000d,5,False,0.1,loss,False,1.0,-10.0,10.0,2530.06,0.0,250,,,,26528.43825249081,0.8058928704795181
10,1,1000,True,3000,Adam,Zakharov,1e-05,200,True,True,5,Const_Del_Zak_10d,5,False,0.1,loss,False,1.0,-10.0,10.0,402.803,0.04,250,,,,216.08684461613373,1.3814533435469811
2,1,1000,False,3000,Adam,Rosenbrock,1e-05,200,True,False,5,Rosen_2d,5,False,0.1,loss,False,1.0,-10.0,10.0,242.382,0.468,250,2.9477446694993312,0.8287613693009611,1500.0,0.48699098008365904,
2,1,1000,True,3000,Adam,Rosenbrock,1e-05,200,True,False,5,Delayed_Rosen_2d,5,False,0.1,loss,False,1.0,-10.0,10.0,174.136,0.9480000000000001,250,3.95397022300571,0.638591377891356,2200.0,2.563030256847946,
10000,1,1000,True,3000,Adam,Zakharov,1e-05,200,True,False,5,Delayed_Zak_10000d,5,False,0.1,loss,False,1.0,-10.0,10.0,2539.205,0.724,250,2.671153898443781,0.34850502053839805,1500.0,6.4869576478905896e+16,
2,1,1000,False,3000,Adam,Zakharov,1e-05,200,True,False,5,Zak_2d,5,False,0.1,loss,False,1.0,-10.0,10.0,75.63,1.0,250,2.825465560882583,0.42448894079960003,1900.0,1.8845868853513237e-07,
10,1,1000,True,3000,Adam,Zakharov,1e-05,200,True,False,5,Delayed_Zak_10d,5,False,0.1,loss,False,1.0,-10.0,10.0,375.885,0.22,250,3.6311480847278492,0.194861996476611,800.0,170.8940337024008,
1000,1,1000,True,3000,Adam,Rosenbrock,1e-05,200,True,False,5,Delayed_Rosen_1000d,5,False,0.1,loss,False,1.0,-10.0,10.0,504.355,0.02,250,2.294198269793006,0.43572172342254606,2000.0,2348.4676686392036,
1000,1,1000,False,3000,Adam,Rosenbrock,1e-05,200,True,False,5,Rosen_1000d,5,False,0.1,loss,False,1.0,-10.0,10.0,420.579,0.02,250,2.682652530430755,0.604257757277864,1200.0,2481.91246338199,
2,1,1000,True,3000,Adam,Rosenbrock,1e-05,200,True,False,5,Delayed_Rosen_2d,5,False,0.1,loss,False,1.0,-10.0,10.0,178.98,0.912,250,2.923304562828266,0.790676595881581,1200.0,2.437550990917166,
2,1,1000,False,3000,Adam,Rosenbrock,1e-05,200,True,False,5,Rosen_2d,5,False,0.1,loss,False,1.0,-10.0,10.0,244.647,0.516,250,1.997281083892414,0.74079749257872,400.0,0.41324334674123203,
2,1,1000,True,3000,Adam,Zakharov,1e-05,200,True,True,5,Const_Del_Zak_2d,5,False,0.1,loss,False,1.0,-10.0,10.0,68.924,1.0,250,,,,199.13362933797944,1.194430682102906
100,1,1000,False,3000,Adam,Rosenbrock,1e-05,200,True,True,5,Const_Rosen_100d,5,False,0.1,loss,False,1.0,-10.0,10.0,371.591,0.0,250,,,,212.0057363273123,1.070739155348036
10,1,1000,True,3000,Adam,Rosenbrock,1e-05,200,True,False,5,Delayed_Rosen_10d,5,False,0.1,loss,False,1.0,-10.0,10.0,302.79,0.268,250,2.96531897407617,0.628114346579792,2200.0,7.84195046428685,
100,1,1000,True,3000,Adam,Rosenbrock,1e-05,200,True,True,5,Const_Del_Rosen_100d,5,False,0.1,loss,False,1.0,-10.0,10.0,371.16,0.016,250,,,,221.94084752900824,1.096161681528068
10000,1,1000,False,3000,Adam,Rosenbrock,1e-05,200,True,True,5,Const_Rosen_10000d,5,False,0.1,loss,False,1.0,-10.0,10.0,2496.977,0.0,250,,,,25619.81126670759,1.552386519729386
1000,1,1000,True,3000,Adam,Rosenbrock,1e-05,200,True,True,5,Const_Del_Rosen_1000d,5,False,0.1,loss,False,1.0,-10.0,10.0,523.298,0.0,250,,,,2601.181646419364,0.626877338997282
100,1,1000,True,3000,Adam,Zakharov,1e-05,200,True,False,5,Delayed_Zak_100d,5,False,0.1,loss,False,1.0,-10.0,10.0,263.584,0.968,250,1.604334127804973,0.157562371915785,2100.0,4750.535464616362,
100,1,1000,False,3000,Adam,Zakharov,1e-05,200,True,False,5,Zak_100d,5,False,0.1,loss,False,1.0,-10.0,10.0,186.386,0.992,250,2.158526223148237,0.5948503626681451,400.0,79524.08953697242,
1000,1,1000,True,3000,Adam,Zakharov,1e-05,200,True,False,5,Delayed_Zak_1000d,5,False,0.1,loss,False,1.0,-10.0,10.0,482.843,0.996,250,2.758258607851692,0.921707198513619,1900.0,1720802221.5669196,
10,1,1000,False,3000,Adam,Rosenbrock,1e-05,200,True,True,5,Const_Rosen_10d,5,False,0.1,loss,False,1.0,-10.0,10.0,314.576,0.068,250,,,,5.6851792280021805,0.6499274816541061
10,1,1000,False,3000,Adam,Rosenbrock,1e-05,200,True,False,5,Rosen_10d,5,False,0.1,loss,False,1.0,-10.0,10.0,256.904,0.084,250,2.855540287151917,0.9956886454749151,1500.0,6.041452442669914,
100,1,1000,True,3000,Adam,Zakharov,1e-05,200,True,True,5,Const_Del_Zak_100d,5,False,0.1,loss,False,1.0,-10.0,10.0,328.502,0.916,250,,,,6179.950843804167,0.71727065071551
10000,1,1000,True,3000,Adam,Zakharov,1e-05,200,True,True,5,Const_Del_Zak_10000d,5,False,0.1,loss,False,1.0,-10.0,10.0,2596.996,0.196,250,,,,6.707661108530164e+17,1.184594629188256
2,1,1000,False,3000,Adam,Zakharov,1e-05,200,True,True,5,Const_Zak_2d,5,False,0.1,loss,False,1.0,-10.0,10.0,194.046,1.0,250,,,,1.950747556185844e-07,0.49292500879354706
2,1,1000,True,3000,Adam,Rosenbrock,1e-05,200,True,True,5,Const_Del_Rosen_2d,5,False,0.1,loss,False,1.0,-10.0,10.0,170.195,0.98,250,,,,12553.33437115387,1.90546296453127
1000,1,1000,False,3000,Adam,Rosenbrock,1e-05,200,True,True,5,Const_Rosen_1000d,5,False,0.1,loss,False,1.0,-10.0,10.0,542.449,0.0,250,,,,2382.2069122589805,0.6976759537436961
10000,1,1000,False,3000,Adam,Zakharov,1e-05,200,True,True,5,Const_Zak_10000d,5,False,0.1,loss,False,1.0,-10.0,10.0,2565.164,0.17200000000000001,250,,,,1.7495000590514661e+19,0.5886051123960311
10,1,1000,False,3000,Adam,Zakharov,1e-05,200,True,True,5,Const_Zak_10d,5,False,0.1,loss,False,1.0,-10.0,10.0,346.764,0.024,250,,,,224.58928196855211,0.48984061069893003
100,1,1000,True,3000,Adam,Rosenbrock,1e-05,200,True,False,5,Delayed_Rosen_100d,5,False,0.1,loss,False,1.0,-10.0,10.0,353.884,0.032,250,2.235694594174868,0.258096566491995,1700.0,206.35486252675713,
1000,1,1000,True,3000,Adam,Zakharov,1e-05,200,True,True,5,Const_Del_Zak_1000d,5,False,0.1,loss,False,1.0,-10.0,10.0,523.701,0.64,250,,,,9271353651.155909,0.5049982930833721
2,1,1000,False,3000,Adam,Rosenbrock,1e-05,200,True,True,5,Const_Rosen_2d,5,False,0.1,loss,False,1.0,-10.0,10.0,304.687,0.41600000000000004,250,,,,1.082596674189302,1.033607027492003
10,1,1000,False,3000,Adam,Rosenbrock,1e-05,200,True,True,5,Const_Rosen_10d,5,False,0.1,loss,False,1.0,-10.0,10.0,328.201,0.084,250,,,,6.9772918122515595,0.32538139615156003
1000,1,1000,True,3000,Adam,Zakharov,1e-05,200,True,False,5,Delayed_Zak_1000d,5,False,0.1,loss,False,1.0,-10.0,10.0,467.693,0.992,250,1.6923216688706622,0.6580891514081311,2000.0,1093041402.3217735,
10,1,1000,False,3000,Adam,Zakharov,1e-05,200,True,False,5,Zak_10d,5,False,0.1,loss,False,1.0,-10.0,10.0,300.592,0.184,250,3.883103151935503,0.49010388155300405,1200.0,156.48824116229198,
10,1,1000,False,3000,Adam,Rosenbrock,1e-05,200,True,False,5,Rosen_10d,5,False,0.1,loss,False,1.0,-10.0,10.0,254.897,0.092,250,3.071387840320604,0.504032955014844,1100.0,5.05359313537984,
2,1,1000,True,3000,Adam,Zakharov,1e-05,200,True,False,5,Delayed_Zak_2d,5,False,0.1,loss,False,1.0,-10.0,10.0,81.815,1.0,250,2.746193879410724,0.5328767269782521,2100.0,0.14942985155868602,
100,1,1000,False,3000,Adam,Zakharov,1e-05,200,True,True,5,Const_Zak_100d,5,False,0.1,loss,False,1.0,-10.0,10.0,304.759,0.932,250,,,,119860.94233868935,0.9739207521472931
10000,1,1000,False,3000,Adam,Zakharov,1e-05,200,True,False,5,Zak_10000d,5,False,0.1,loss,False,1.0,-10.0,10.0,2166.113,0.612,250,1.667404140739008,0.19865618960076,1800.0,3.318355422696261e+18,
10000,1,1000,False,3000,Adam,Rosenbrock,1e-05,200,True,False,5,Rosen_10000d,5,False,0.1,loss,False,1.0,-10.0,10.0,2215.03,0.0,250,3.293382089767173,0.5650546558755051,1900.0,28473.728054420626,
10000,1,1000,True,3000,Adam,Rosenbrock,1e-05,200,True,False,5,Delayed_Rosen_10000d,5,False,0.1,loss,False,1.0,-10.0,10.0,2436.679,0.02,250,3.664671901164505,0.22574007673217603,1800.0,25398.68935175433,
1000,1,1000,True,3000,Adam,Zakharov,1e-05,200,True,False,5,Delayed_Zak_1000d,5,False,0.1,loss,False,1.0,-10.0,10.0,468.969,0.992,250,2.937001756541882,0.10034682223229201,300.0,1645430476.4241664,
2,1,1000,True,3000,Adam,Zakharov,1e-05,200,True,False,5,Delayed_Zak_2d,5,False,0.1,loss,False,1.0,-10.0,10.0,84.139,1.0,250,3.475230787013768,0.235814877894703,1000.0,0.10244115133165001,
2,1,1000,False,3000,Adam,Zakharov,1e-05,200,True,True,5,Const_Zak_2d,5,False,0.1,loss,False,1.0,-10.0,10.0,199.524,1.0,250,,,,1.7514201810475959e-07,0.962732744829431
100,1,1000,True,3000,Adam,Rosenbrock,1e-05,200,True,False,5,Delayed_Rosen_100d,5,False,0.1,loss,False,1.0,-10.0,10.0,355.466,0.02,250,3.941777627856974,0.9575654129931821,100.0,206.31312622001562,
100,1,1000,True,3000,Adam,Zakharov,1e-05,200,True,True,5,Const_Del_Zak_100d,5,False,0.1,loss,False,1.0,-10.0,10.0,331.563,0.92,250,,,,5399.117006125247,0.729484854208581
10000,1,1000,True,3000,Adam,Zakharov,1e-05,200,True,True,5,Const_Del_Zak_10000d,5,False,0.1,loss,False,1.0,-10.0,10.0,2525.559,0.212,250,,,,8.025535528439923e+17,0.520609368753727
2,1,1000,True,3000,Adam,Rosenbrock,1e-05,200,True,True,5,Const_Del_Rosen_2d,5,False,0.1,loss,False,1.0,-10.0,10.0,168.846,0.964,250,,,,16350.21957826922,0.8091763065317621
1000,1,1000,False,3000,Adam,Rosenbrock,1e-05,200,True,True,5,Const_Rosen_1000d,5,False,0.1,loss,False,1.0,-10.0,10.0,521.729,0.0,250,,,,2301.459377258446,1.7609637021572322
10000,1,1000,False,3000,Adam,Zakharov,1e-05,200,True,True,5,Const_Zak_10000d,5,False,0.1,loss,False,1.0,-10.0,10.0,2523.154,0.2,250,,,,1.378804227303614e+19,0.5843124272050191
10000,1,1000,False,3000,Adam,Rosenbrock,1e-05,200,True,False,5,Rosen_10000d,5,False,0.1,loss,False,1.0,-10.0,10.0,2215.92,0.02,250,3.888492446416918,0.7410840016833831,1400.0,26600.660321375446,
100,1,1000,False,3000,Adam,Zakharov,1e-05,200,True,True,5,Const_Zak_100d,5,False,0.1,loss,False,1.0,-10.0,10.0,308.468,0.852,250,,,,188999.49156460405,1.860983453327498
10000,1,1000,True,3000,Adam,Zakharov,1e-05,200,True,True,5,Const_Del_Zak_10000d,5,False,0.1,loss,False,1.0,-10.0,10.0,2513.185,0.16,250,,,,8.875502299739267e+17,1.235157455084132
10,1,1000,False,3000,Adam,Zakharov,1e-05,200,True,True,5,Const_Zak_10d,5,False,0.1,loss,False,1.0,-10.0,10.0,352.287,0.02,250,,,,224.38966054116304,0.335064832647583
100,1,1000,True,3000,Adam,Rosenbrock,1e-05,200,True,False,5,Delayed_Rosen_100d,5,False,0.1,loss,False,1.0,-10.0,10.0,358.136,0.036000000000000004,250,3.111741466484896,0.32473842637356004,700.0,205.31254107941172,
1000,1,1000,True,3000,Adam,Zakharov,1e-05,200,True,True,5,Const_Del_Zak_1000d,5,False,0.1,loss,False,1.0,-10.0,10.0,552.265,0.596,250,,,,8290320084.486744,1.552237082494409
10,1,1000,False,3000,Adam,Rosenbrock,1e-05,200,True,True,5,Const_Rosen_10d,5,False,0.1,loss,False,1.0,-10.0,10.0,308.64,0.088,250,,,,6.86161479885566,0.5090226331090341
2,1,1000,False,3000,Adam,Rosenbrock,1e-05,200,True,True,5,Const_Rosen_2d,5,False,0.1,loss,False,1.0,-10.0,10.0,309.719,0.464,250,,,,1.145012884427765,0.501103415044314
10,1,1000,False,3000,Adam,Rosenbrock,1e-05,200,True,False,5,Rosen_10d,5,False,0.1,loss,False,1.0,-10.0,10.0,256.091,0.06,250,3.203119271514068,0.47842685642759103,700.0,5.650916685266155,
2,1,1000,True,3000,Adam,Zakharov,1e-05,200,True,False,5,Delayed_Zak_2d,5,False,0.1,loss,False,1.0,-10.0,10.0,81.769,1.0,250,1.9078676718243721,0.7673654190914261,700.0,0.09044491794431,
10,1,1000,False,3000,Adam,Zakharov,1e-05,200,True,False,5,Zak_10d,5,False,0.1,loss,False,1.0,-10.0,10.0,299.155,0.176,250,3.264330570745475,0.559399133114577,1100.0,151.55536275468558,
10000,1,1000,False,3000,Adam,Rosenbrock,1e-05,200,True,False,5,Rosen_10000d,5,False,0.1,loss,False,1.0,-10.0,10.0,2224.181,0.0,250,3.843490195846498,0.48839425771355205,1800.0,28374.611237633453,
10000,1,1000,False,3000,Adam,Zakharov,1e-05,200,True,False,5,Zak_10000d,5,False,0.1,loss,False,1.0,-10.0,10.0,2167.315,0.62,250,3.964755196861506,0.45316399209475805,300.0,1.4596822084480952e+18,
100,1,1000,False,3000,Adam,Zakharov,1e-05,200,True,True,5,Const_Zak_100d,5,False,0.1,loss,False,1.0,-10.0,10.0,312.683,0.86,250,,,,158672.7416072434,1.690487369370057
2,1,1000,True,3000,Adam,Rosenbrock,1e-05,200,True,True,5,Const_Del_Rosen_2d,5,False,0.1,loss,False,1.0,-10.0,10.0,167.547,0.9480000000000001,250,,,,15194.29285730065,1.6662061813425062
10000,1,1000,False,3000,Adam,Zakharov,1e-05,200,True,True,5,Const_Zak_10000d,5,False,0.1,loss,False,1.0,-10.0,10.0,2498.293,0.164,250,,,,1.498304333001808e+19,0.8069676871300581
10000,1,1000,True,3000,Adam,Rosenbrock,1e-05,200,True,False,5,Delayed_Rosen_10000d,5,False,0.1,loss,False,1.0,-10.0,10.0,2437.251,0.0,250,3.807865204711739,0.37235724395218606,800.0,24871.28859789028,
1000,1,1000,False,3000,Adam,Zakharov,1e-05,200,True,False,5,Zak_1000d,5,False,0.1,loss,False,1.0,-10.0,10.0,383.466,0.96,250,2.088965411594793,0.364278141500173,2100.0,178415065554.54233,
1000,1,1000,False,3000,Adam,Zakharov,1e-05,200,True,True,5,Const_Zak_1000d,5,False,0.1,loss,False,1.0,-10.0,10.0,492.492,0.36,250,,,,357160582716.8985,1.8716825287584542
100,1,1000,False,3000,Adam,Rosenbrock,1e-05,200,True,True,5,Const_Rosen_100d,5,False,0.1,loss,False,1.0,-10.0,10.0,335.963,0.004,250,,,,217.2530167842827,0.743078565083626
10,1,1000,True,3000,Adam,Rosenbrock,1e-05,200,True,True,5,Const_Del_Rosen_10d,5,False,0.1,loss,False,1.0,-10.0,10.0,327.372,0.216,250,,,,7.590611483688481,1.128217074880909
10000,1,1000,True,3000,Adam,Rosenbrock,1e-05,200,True,True,5,Const_Del_Rosen_10000d,5,False,0.1,loss,False,1.0,-10.0,10.0,2528.28,0.0,250,,,,25529.717792189575,1.397235429160217
100,1,1000,False,3000,Adam,Rosenbrock,1e-05,200,True,False,5,Rosen_100d,5,False,0.1,loss,False,1.0,-10.0,10.0,277.264,0.004,250,2.771949555423631,0.691905250055975,2300.0,209.5140046019341,
10,1,1000,True,3000,Adam,Zakharov,1e-05,200,True,True,5,Const_Del_Zak_10d,5,False,0.1,loss,False,1.0,-10.0,10.0,413.625,0.056,250,,,,217.06295185761886,0.955382562475776
1000,1,1000,False,3000,Adam,Rosenbrock,1e-05,200,True,False,5,Rosen_1000d,5,False,0.1,loss,False,1.0,-10.0,10.0,420.46,0.024,250,2.4192802123626582,0.8232406213130331,300.0,2432.7196262329458,
1000,1,1000,True,3000,Adam,Rosenbrock,1e-05,200,True,True,5,Const_Del_Rosen_1000d,5,False,0.1,loss,False,1.0,-10.0,10.0,521.12,0.004,250,,,,2492.3731176737756,0.6193880086748981
10000,1,1000,True,3000,Adam,Zakharov,1e-05,200,True,False,5,Delayed_Zak_10000d,5,False,0.1,loss,False,1.0,-10.0,10.0,2501.477,0.788,250,2.614719918440576,0.18398227433803302,2200.0,5.484305521728524e+16,
100,1,1000,True,3000,Adam,Rosenbrock,1e-05,200,True,True,5,Const_Del_Rosen_100d,5,False,0.1,loss,False,1.0,-10.0,10.0,364.018,0.008,250,,,,232.19491309665167,1.786350762859649
10,1,1000,True,3000,Adam,Zakharov,1e-05,200,True,False,5,Delayed_Zak_10d,5,False,0.1,loss,False,1.0,-10.0,10.0,374.264,0.224,250,1.514203270402181,0.34914807369586703,300.0,163.24531210308868,
2,1,1000,False,3000,Adam,Zakharov,1e-05,200,True,False,5,Zak_2d,5,False,0.1,loss,False,1.0,-10.0,10.0,78.175,1.0,250,2.353162732120344,0.76672809111338,1000.0,1.6317577483694791e-07,
10,1,1000,True,3000,Adam,Rosenbrock,1e-05,200,True,True,5,Const_Del_Rosen_10d,5,False,0.1,loss,False,1.0,-10.0,10.0,331.656,0.336,250,,,,7.5465206958891695,1.073495293023326
1000,1,1000,True,3000,Adam,Rosenbrock,1e-05,200,True,False,5,Delayed_Rosen_1000d,5,False,0.1,loss,False,1.0,-10.0,10.0,504.387,0.008,250,3.14371213057058,0.7152449612088321,200.0,2328.41781910281,
2,1,1000,False,3000,Adam,Rosenbrock,1e-05,200,True,False,5,Rosen_2d,5,False,0.1,loss,False,1.0,-10.0,10.0,242.075,0.41600000000000004,250,3.026036471270342,0.9310249666043181,1900.0,0.56258523609264,
2,1,1000,True,3000,Adam,Rosenbrock,1e-05,200,True,False,5,Delayed_Rosen_2d,5,False,0.1,loss,False,1.0,-10.0,10.0,178.676,0.912,250,2.680378361897943,0.7738154525360731,1100.0,2.542435018450078,
1000,1,1000,False,3000,Adam,Rosenbrock,1e-05,200,True,False,5,Rosen_1000d,5,False,0.1,loss,False,1.0,-10.0,10.0,421.118,0.02,250,3.727219632179609,0.8970178612882431,2000.0,2539.1488360486737,
10,1,1000,True,3000,Adam,Zakharov,1e-05,200,True,True,5,Const_Del_Zak_10d,5,False,0.1,loss,False,1.0,-10.0,10.0,371.196,0.032,250,,,,218.5951270151731,0.8480160424577091
2,1,1000,True,3000,Adam,Zakharov,1e-05,200,True,True,5,Const_Del_Zak_2d,5,False,0.1,loss,False,1.0,-10.0,10.0,68.413,1.0,250,,,,220.97573697878815,1.3757940661128911
10,1,1000,True,3000,Adam,Rosenbrock,1e-05,200,True,False,5,Delayed_Rosen_10d,5,False,0.1,loss,False,1.0,-10.0,10.0,305.403,0.20800000000000002,250,3.071908436597671,0.48414556354154203,1600.0,7.4089162676120495,
100,1,1000,False,3000,Adam,Rosenbrock,1e-05,200,True,True,5,Const_Rosen_100d,5,False,0.1,loss,False,1.0,-10.0,10.0,335.323,0.004,250,,,,211.4798846109392,1.029551293592724
100,1,1000,True,3000,Adam,Rosenbrock,1e-05,200,True,True,5,Const_Del_Rosen_100d,5,False,0.1,loss,False,1.0,-10.0,10.0,371.774,0.024,250,,,,227.22645225686236,0.37740080519325303
10000,1,1000,False,3000,Adam,Rosenbrock,1e-05,200,True,True,5,Const_Rosen_10000d,5,False,0.1,loss,False,1.0,-10.0,10.0,2567.182,0.0,250,,,,26021.95857171397,1.820926351803966
10000,1,1000,True,3000,Adam,Zakharov,1e-05,200,True,False,5,Delayed_Zak_10000d,5,False,0.1,loss,False,1.0,-10.0,10.0,2453.104,0.704,250,1.687515623059853,0.5290090927275021,1500.0,2.9471750600518784e+16,
10,1,1000,True,3000,Adam,Zakharov,1e-05,200,True,False,5,Delayed_Zak_10d,5,False,0.1,loss,False,1.0,-10.0,10.0,390.54,0.196,250,2.9774987363791032,0.501825359523094,1100.0,169.15367834983337,
1000,1,1000,True,3000,Adam,Rosenbrock,1e-05,200,True,True,5,Const_Del_Rosen_1000d,5,False,0.1,loss,False,1.0,-10.0,10.0,528.629,0.0,250,,,,2546.9176116419303,0.7481245102747011
100,1,1000,False,3000,Adam,Zakharov,1e-05,200,True,False,5,Zak_100d,5,False,0.1,loss,False,1.0,-10.0,10.0,183.874,0.992,250,2.355477139839949,0.083627399418135,500.0,37725.96603635483,
100,1,1000,True,3000,Adam,Zakharov,1e-05,200,True,False,5,Delayed_Zak_100d,5,False,0.1,loss,False,1.0,-10.0,10.0,282.095,0.996,250,2.885174849805006,0.721414527025205,500.0,4484.5077227216725,
